district_id,incumbent_2025,incumbent_party,pvi_string,pvi_numeric,is_open_seat,retirement_reason,war,generic_ballot,predicted_margin,predicted_winner,d_win_pct,r_win_pct,race_rating,potential_flip,sim_avg_margin,sim_margin_std
AZ-01,David Schweikert,R,R+1,-1.0,True,Running for Governor,0.0,6.6,-0.04,R,49.1,50.9,Tilt R,False,-0.15,5.41
CO-08,Gabe Evans,R,EVEN,0.0,False,,2.1,6.6,-0.08,R,49.1,50.9,Tilt R,False,-0.08,5.22
NY-17,Mike Lawler,R,D+1,1.0,False,,3.8,6.6,0.08,D,51.2,48.8,Tilt D,True,-0.1,5.34
PA-07,Ryan MacKenzie,R,R+1,-1.0,False,,0.1,6.6,-0.09,R,48.4,51.6,Tilt R,False,-0.09,5.21
OH-01,Greg Landsman,D,R+2,-2.0,False,,-1.7,6.6,-0.2,R,47.8,52.2,Tilt R,True,-0.28,5.46
MI-07,Tom Barrett,R,EVEN,0.0,False,,1.4,6.6,0.28,D,51.0,49.0,Tilt D,True,0.21,5.33
MT-01,Ryan Zinke,R,R+5,-5.0,False,,-7.1,6.6,-0.52,R,44.7,55.3,Tilt R,False,-0.56,5.25
AK-AL,Nick Begich,R,R+6,-6.0,False,,-9.1,6.6,-0.53,R,46.7,53.3,Tilt R,False,-0.37,5.57
CO-03,Jeff Hurd,R,R+5,-5.0,False,,-6.3,6.6,-0.93,R,43.6,56.4,Tilt R,False,-0.95,5.49
NJ-07,Thomas Kean Jr.,R,EVEN,0.0,False,,0.0,6.6,1.0,D,56.1,43.9,Tilt D,True,0.8,5.32
FL-13,Anna Paulina Luna,R,R+5,-5.0,False,,-6.1,6.6,-1.04,R,44.4,55.6,Tilt R,False,-0.85,5.3
IA-03,Zach Nunn,R,R+2,-2.0,False,,-4.6,6.6,1.29,D,55.9,44.1,Tilt D,True,1.09,5.35
VA-02,Jen Kiggans,R,EVEN,0.0,False,,-1.1,6.6,1.56,D,60.7,39.3,Tilt D,True,1.68,5.52
PA-08,Rob Bresnahan,R,R+4,-4.0,False,,-2.9,6.6,-1.64,R,36.2,63.8,Tilt R,False,-1.7,5.25
WI-03,Derrick Van Orden,R,R+3,-3.0,False,,-7.3,6.6,1.64,D,60.0,40.0,Tilt D,True,1.4,5.29
TX-34,Vicente Gonzalez,D,EVEN,0.0,False,,-1.3,6.6,1.66,D,60.7,39.3,Tilt D,False,1.47,5.45
OH-09,Marcy Kaptur,D,R+5,-5.0,False,,-4.8,6.6,-1.7,R,40.7,59.3,Tilt R,True,-1.38,5.47
NC-01,Don Davis,D,R+4,-4.0,False,,-2.6,6.6,-1.8,R,37.0,63.0,Tilt R,True,-1.82,5.42
NY-01,Nick LaLota,R,R+4,-4.0,False,,-2.5,6.6,-1.85,R,36.4,63.6,Tilt R,False,-1.92,5.56
AZ-02,Eli Crane,R,R+7,-7.0,False,,-8.5,6.6,-1.87,R,36.3,63.7,Tilt R,False,-1.98,5.26
NY-03,Tom Suozzi,D,EVEN,0.0,False,,-1.9,6.6,1.97,D,62.8,37.2,Tilt D,False,1.89,5.35
WI-01,Bryan Steil,R,R+2,-2.0,False,,1.8,6.6,-1.99,R,33.7,66.3,Tilt R,False,-2.21,5.1
WA-03,Marie Gluesenkamp Perez,D,R+2,-2.0,False,,-6.0,6.6,2.01,D,64.2,35.8,Tilt D,False,2.03,5.45
MI-10,John James,R,R+3,-3.0,True,Running for Governor,0.0,6.6,-2.1,R,35.5,64.5,Tilt R,False,-1.98,5.35
NV-03,Susie Lee,D,D+1,1.0,False,,-0.3,6.6,2.18,D,65.8,34.2,Tilt D,False,2.29,5.27
CA-48,Darrell Issa,R,EVEN,0.0,False,,-2.4,6.6,2.23,D,65.6,34.4,Tilt D,True,2.19,5.21
OH-13,Emilia Sykes,D,D+1,1.0,False,,-0.6,6.6,2.34,D,64.9,35.1,Tilt D,False,2.12,5.36
FL-23,Jared Moskowitz,D,D+2,2.0,False,,1.3,6.6,2.39,D,67.7,32.3,Tilt D,False,2.56,5.46
PA-10,Scott Perry,R,R+3,-3.0,False,,-8.8,6.6,2.41,D,69.2,30.8,Tilt D,True,2.49,5.24
FL-07,Cory Mills,R,R+5,-5.0,False,,-3.4,6.6,-2.42,R,31.5,68.5,Tilt R,False,-2.4,5.3
VA-01,Rob Wittman,R,R+3,-3.0,False,,0.7,6.6,-2.46,R,34.2,65.8,Tilt R,False,-2.15,5.26
PA-01,Brian Fitzpatrick,R,D+1,1.0,False,,8.8,6.6,-2.49,R,31.4,68.6,Tilt R,False,-2.65,5.31
NM-02,Gabe Vasquez,D,EVEN,0.0,False,,-3.1,6.6,2.59,D,67.4,32.6,Tilt D,False,2.43,5.33
IA-01,Mariannette Miller-Meeks,R,R+4,-4.0,False,,-11.3,6.6,2.66,D,68.2,31.8,Tilt D,True,2.53,5.45
FL-15,Laurel Lee,R,R+5,-5.0,False,,-2.6,6.6,-2.83,R,28.5,71.5,Tilt R,False,-3.05,5.31
AZ-06,Juan Ciscomani,R,EVEN,0.0,False,,-3.7,6.6,2.89,D,70.9,29.1,Tilt D,True,2.81,5.42
NH-01,Chris Pappas,D,D+2,2.0,True,Running for Senate,0.0,6.6,3.06,D,71.1,28.9,Tilt D,False,3.03,5.41
ME-02,Jared Golden,D,R+4,-4.0,True,Retiring,0.0,6.6,-3.13,R,28.0,72.0,Tilt R,True,-3.15,5.46
IA-02,Ashley Hinson,R,R+4,-4.0,True,Running for Senate,0.0,6.6,-3.13,R,28.6,71.4,Tilt R,False,-2.97,5.3
MI-04,Bill Huizenga,R,R+3,-3.0,False,,2.0,6.6,-3.13,R,29.6,70.4,Tilt R,False,-3.0,5.45
TX-28,Henry Cuellar,D,R+2,-2.0,False,,-8.3,6.6,3.19,D,70.5,29.5,Tilt D,False,2.93,5.33
FL-04,Aaron Bean,R,R+5,-5.0,False,,-1.8,6.6,-3.24,R,26.3,73.7,Tilt R,False,-3.63,5.47
TX-15,Monica De La Cruz,R,R+7,-7.0,False,,-5.6,6.6,-3.36,R,27.7,72.3,Tilt R,False,-3.38,5.35
CT-05,Jahana Hayes,D,D+3,3.0,False,,1.1,6.6,3.53,D,76.5,23.5,Lean D,False,3.5,5.1
CO-04,Lauren Boebert,R,R+9,-9.0,False,,-9.2,6.6,-3.57,R,26.8,73.2,Tilt R,False,-3.55,5.48
CA-49,Mike Levin,D,D+5,5.0,False,,4.9,6.6,3.64,D,75.7,24.3,Lean D,False,3.57,5.09
OR-06,Andrea Salinas,D,D+6,6.0,False,,6.9,6.6,3.65,D,74.5,25.5,Tilt D,False,3.65,5.47
VA-07,Eugene Vindman,D,D+2,2.0,False,,-1.2,6.6,3.68,D,75.4,24.6,Lean D,False,3.66,5.19
IL-06,Sean Casten,D,D+3,3.0,False,,0.4,6.6,3.89,D,76.5,23.5,Lean D,False,4.0,5.64
NH-02,Maggie Goodlander,D,D+2,2.0,False,,-1.7,6.6,3.93,D,78.2,21.8,Lean D,False,4.12,5.26
OR-04,Val Hoyle,D,D+6,6.0,False,,6.3,6.6,3.96,D,77.8,22.2,Lean D,False,4.07,5.15
AZ-08,Abe Hamadeh,R,R+8,-8.0,False,,-6.4,6.6,-3.98,R,23.7,76.3,Lean R,False,-4.06,5.47
NE-02,Don Bacon,R,D+3,3.0,True,Retiring,0.0,6.6,4.09,D,77.6,22.4,Lean D,True,4.09,5.35
MN-02,Angie Craig,D,D+3,3.0,True,Running for Senate,0.0,6.6,4.09,D,79.5,20.5,Lean D,False,4.45,5.5
TX-35,Greg Casar,D,R+3,-3.0,False,,3.9,6.6,-4.1,R,23.5,76.5,Lean R,True,-4.21,5.71
NY-19,Josh Riley,D,D+1,1.0,False,,-4.1,6.6,4.13,D,79.0,21.0,Lean D,False,4.14,5.29
TX-09,Al Green,D,R+5,-5.0,False,,0.0,6.6,-4.16,R,21.4,78.6,Lean R,True,-4.28,5.41
AZ-04,Greg Stanton,D,D+4,4.0,False,,1.7,6.6,4.25,D,80.9,19.1,Lean D,False,4.15,5.01
NV-01,Dina Titus,D,D+2,2.0,False,,-2.4,6.6,4.29,D,79.2,20.8,Lean D,False,4.54,5.42
NJ-09,Nellie Pou,D,D+2,2.0,False,,-2.4,6.6,4.29,D,76.6,23.4,Lean D,False,3.94,5.49
NY-04,Laura Gillen,D,D+2,2.0,False,,-2.5,6.6,4.34,D,80.3,19.7,Lean D,False,4.6,5.34
MI-08,Kristen McDonald Rivet,D,R+1,-1.0,False,,-8.6,6.6,4.38,D,80.2,19.8,Lean D,False,4.2,5.29
IN-01,Frank J. Mrvan,D,D+1,1.0,False,,-4.6,6.6,4.39,D,80.3,19.7,Lean D,False,4.49,5.34
WA-08,Kim Schrier,D,D+3,3.0,False,,-0.7,6.6,4.45,D,79.6,20.4,Lean D,False,4.4,5.34
MD-06,April McClain Delaney,D,D+3,3.0,False,,-0.8,6.6,4.5,D,79.0,21.0,Lean D,False,4.46,5.48
OH-15,Mike Carey,R,R+6,-6.0,False,,-1.3,6.6,-4.53,R,19.5,80.5,Lean R,False,-4.47,5.43
VA-10,Suhas Subramanyam,D,D+6,6.0,False,,5.1,6.6,4.57,D,81.5,18.5,Lean D,False,4.81,5.4
IL-17,Eric Sorensen,D,D+3,3.0,False,,-1.1,6.6,4.66,D,80.4,19.6,Lean D,False,4.52,5.29
CA-06,Ami Bera,D,D+4,4.0,False,,0.9,6.6,4.66,D,81.7,18.3,Lean D,False,4.75,5.24
OR-05,Janelle Bynum,D,D+4,4.0,False,,0.9,6.6,4.66,D,81.0,19.0,Lean D,False,4.65,5.23
NV-04,Steven Horsford,D,D+2,2.0,False,,-3.2,6.6,4.7,D,81.0,19.0,Lean D,False,4.83,5.41
IL-14,Lauren Underwood,D,D+3,3.0,False,,-1.3,6.6,4.76,D,80.3,19.7,Lean D,False,4.52,5.2
NJ-02,Jeff Van Drew,R,R+5,-5.0,False,,1.6,6.6,-4.99,R,18.1,81.9,Lean R,False,-4.84,5.35
PA-17,Chris Deluzio,D,D+3,3.0,False,,-1.8,6.6,5.02,D,83.6,16.4,Lean D,False,5.22,5.33
CA-03,Kevin Kiley,R,D+5,5.0,False,,2.1,6.6,5.08,D,83.4,16.6,Lean D,True,5.18,5.41
SC-01,Nancy Mace,R,R+6,-6.0,True,Running for Governor,0.0,6.6,-5.2,R,18.1,81.9,Lean R,False,-4.91,5.28
NC-03,Greg Murphy,R,R+6,-6.0,False,,0.0,6.6,-5.2,R,19.3,80.7,Lean R,False,-4.89,5.45
TN-05,Andy Ogles,R,R+8,-8.0,False,,-3.9,6.6,-5.26,R,16.0,84.0,Lean R,False,-5.19,5.13
MI-03,Hillary Scholten,D,D+4,4.0,False,,-0.4,6.6,5.33,D,83.6,16.4,Lean D,False,5.23,5.29
FL-22,Lois Frankel,D,D+4,4.0,False,,-0.5,6.6,5.38,D,85.0,15.0,Lean D,False,5.6,5.31
FL-25,Debbie Wasserman Schultz,D,D+5,5.0,False,,1.3,6.6,5.49,D,85.3,14.7,Lean D,False,5.43,5.24
CO-05,Jeff Crank,R,R+5,-5.0,False,,2.6,6.6,-5.5,R,15.2,84.8,Lean R,False,-5.57,5.28
AR-02,French Hill,R,R+8,-8.0,False,,-3.3,6.6,-5.57,R,16.0,84.0,Lean R,False,-5.4,5.42
IL-11,Bill Foster,D,D+6,6.0,False,,3.1,6.6,5.6,D,85.2,14.8,Lean D,False,5.54,5.23
NJ-05,Josh Gottheimer,D,D+2,2.0,False,,-5.1,6.6,5.68,D,85.4,14.6,Lean D,False,5.66,5.35
FL-16,Vern Buchanan,R,R+7,-7.0,False,,-1.0,6.6,-5.72,R,13.5,86.5,Lean R,False,-5.8,5.23
MN-01,Brad Finstad,R,R+6,-6.0,False,,1.1,6.6,-5.76,R,12.4,87.6,Lean R,False,-6.03,5.45
MN-08,Pete Stauber,R,R+7,-7.0,False,,-0.9,6.6,-5.77,R,14.6,85.4,Lean R,False,-5.66,5.3
WI-08,Tony Wied,R,R+8,-8.0,False,,-2.8,6.6,-5.82,R,12.8,87.2,Lean R,False,-6.05,5.52
NC-07,David Rouzer,R,R+8,-8.0,False,,-2.6,6.6,-5.93,R,13.4,86.6,Lean R,False,-5.97,5.34
NC-09,Richard Hudson,R,R+8,-8.0,False,,-2.3,6.6,-6.08,R,13.4,86.6,Lean R,False,-5.81,5.33
VA-05,John McGuire,R,R+6,-6.0,False,,1.8,6.6,-6.12,R,12.9,87.1,Lean R,False,-6.22,5.45
IL-08,Raja Krishnamoorthi,D,D+5,5.0,True,Running for Senate,0.0,6.6,6.16,D,86.7,13.3,Lean D,False,6.07,5.5
NJ-11,Mikie Sherrill,D,D+5,5.0,True,Resigned - Now Governor,0.0,6.6,6.16,D,87.0,13.0,Lean D,False,6.28,5.13
NC-05,Virginia Foxx,R,R+9,-9.0,False,,-4.1,6.6,-6.19,R,12.2,87.8,Lean R,False,-6.15,5.22
NV-02,Mark Amodei,R,R+7,-7.0,False,,0.0,6.6,-6.23,R,11.4,88.6,Lean R,False,-6.43,5.3
TX-24,Beth Van Duyne,R,R+7,-7.0,False,,0.0,6.6,-6.23,R,11.4,88.6,Lean R,False,-6.18,5.33
KY-06,Andy Barr,R,R+7,-7.0,True,Running for Senate,0.0,6.6,-6.23,R,11.2,88.8,Lean R,False,-6.22,5.24
NE-01,Mike Flood,R,R+6,-6.0,False,,2.2,6.6,-6.32,R,10.8,89.2,Lean R,False,-6.61,5.38
NM-03,Teresa Leger Fernandez,D,D+3,3.0,False,,-4.5,6.6,6.4,D,87.6,12.4,Lean D,False,6.17,5.4
PA-06,Chrissy Houlahan,D,D+6,6.0,False,,1.5,6.6,6.42,D,89.4,10.6,Lean D,False,6.63,5.21
MA-09,Bill Keating,D,D+6,6.0,False,,1.4,6.6,6.47,D,90.0,10.0,Likely D,False,6.81,5.3
KS-03,Sharice Davids,D,D+2,2.0,False,,-6.7,6.6,6.5,D,87.6,12.4,Lean D,False,6.21,5.32
OH-07,Max Miller,R,R+7,-7.0,False,,0.6,6.6,-6.54,R,12.0,88.0,Lean R,False,-6.41,5.32
GA-02,Sanford Bishop,D,D+4,4.0,False,,-3.0,6.6,6.66,D,89.7,10.3,Lean D,False,6.81,5.24
CA-01,Doug LaMalfa,R,D+7,7.0,False,,2.9,6.6,6.73,D,90.0,10.0,Likely D,True,6.81,5.4
FL-27,Maria Elvira Salazar,R,R+6,-6.0,False,,3.0,6.6,-6.74,R,10.1,89.9,Lean R,False,-7.08,5.44
SC-02,Joe Wilson,R,R+7,-7.0,False,,1.1,6.6,-6.79,R,10.3,89.7,Lean R,False,-6.46,5.46
NJ-03,Herb Conaway,D,D+5,5.0,False,,-1.4,6.6,6.87,D,91.1,8.9,Likely D,False,7.3,5.4
OK-05,Stephanie Bice,R,R+9,-9.0,False,,-2.6,6.6,-6.96,R,8.9,91.1,Likely R,False,-6.92,5.21
CA-47,Dave Min,D,D+6,6.0,False,,0.4,6.6,6.98,D,89.5,10.5,Lean D,False,6.86,5.39
NY-02,Andrew Garbarino,R,R+6,-6.0,False,,3.7,6.6,-7.09,R,9.8,90.2,Likely R,False,-6.9,5.29
CA-50,Scott Peters,D,D+8,8.0,False,,4.1,6.6,7.15,D,90.6,9.4,Likely D,False,7.09,5.41
NY-18,Pat Ryan,D,D+2,2.0,False,,-8.1,6.6,7.21,D,91.7,8.3,Likely D,False,7.35,5.47
GA-01,Buddy Carter,R,R+8,-8.0,True,Running for Senate,0.0,6.6,-7.26,R,7.5,92.5,Likely R,False,-7.15,5.41
MO-02,Ann Wagner,R,R+9,-9.0,False,,-2.0,6.6,-7.27,R,9.1,90.9,Likely R,False,-7.18,5.42
AL-02,Shomari Figures,D,D+5,5.0,False,,-2.2,6.6,7.28,D,91.7,8.3,Likely D,False,7.14,5.29
PA-12,Summer Lee,D,D+10,10.0,False,,7.8,6.6,7.31,D,91.3,8.7,Likely D,False,7.38,5.39
NC-11,Chuck Edwards,R,R+9,-9.0,False,,-1.5,6.6,-7.52,R,6.5,93.5,Likely R,False,-7.8,5.32
FL-11,Daniel Webster,R,R+8,-8.0,False,,0.6,6.6,-7.57,R,7.2,92.8,Likely R,False,-7.59,5.38
GA-12,Rick Allen,R,R+7,-7.0,False,,2.7,6.6,-7.61,R,7.3,92.7,Likely R,False,-7.7,5.27
FL-21,Brian Mast,R,R+7,-7.0,False,,2.7,6.6,-7.61,R,8.4,91.6,Likely R,False,-7.66,5.37
CA-40,Young Kim,R,R+7,-7.0,False,,2.8,6.6,-7.66,R,7.2,92.8,Likely R,False,-7.82,5.33
NM-01,Melanie Stansbury,D,D+7,7.0,False,,1.1,6.6,7.66,D,92.4,7.6,Likely D,False,7.6,5.47
IN-05,Victoria Spartz,R,R+8,-8.0,False,,0.9,6.6,-7.72,R,7.8,92.2,Likely R,False,-7.72,5.5
NY-22,John Mannion,D,D+4,4.0,False,,-5.1,6.6,7.74,D,93.3,6.7,Likely D,False,7.8,5.33
FL-09,Darren Soto,D,D+4,4.0,False,,-5.3,6.6,7.84,D,91.7,8.3,Likely D,False,7.73,5.49
IL-13,Nikki Budzinski,D,D+5,5.0,False,,-3.3,6.6,7.85,D,93.3,6.7,Likely D,False,7.85,5.33
MD-01,Andy Harris,R,R+8,-8.0,False,,1.6,6.6,-8.08,R,5.5,94.5,Likely R,False,-8.26,5.19
SC-04,William Timmons,R,R+11,-11.0,False,,-4.4,6.6,-8.1,R,5.6,94.4,Likely R,False,-8.06,5.42
CT-02,Joe Courtney,D,D+4,4.0,False,,-5.8,6.6,8.1,D,94.2,5.8,Likely D,False,8.3,5.47
RI-02,Seth Magaziner,D,D+4,4.0,False,,-5.8,6.6,8.1,D,93.6,6.4,Likely D,False,8.09,5.25
CA-22,David Valadao,R,D+8,8.0,False,,2.2,6.6,8.12,D,93.1,6.9,Likely D,True,8.26,5.49
OH-08,Warren Davidson,R,R+10,-10.0,False,,-2.3,6.6,-8.14,R,5.7,94.3,Likely R,False,-8.21,5.32
CO-07,Brittany Pettersen,D,D+8,8.0,False,,2.0,6.6,8.23,D,93.2,6.8,Likely D,False,8.11,5.32
NJ-06,Frank Pallone,D,D+5,5.0,False,,-4.1,6.6,8.26,D,93.7,6.3,Likely D,False,8.22,5.25
TX-22,Troy Nehls,R,R+9,-9.0,True,Retiring,0.0,6.6,-8.29,R,6.1,93.9,Likely R,False,-8.08,5.38
FL-03,Kat Cammack,R,R+10,-10.0,False,,-2.0,6.6,-8.3,R,6.4,93.6,Likely R,False,-7.97,5.35
FL-14,Kathy Castor,D,D+5,5.0,False,,-4.3,6.6,8.36,D,93.8,6.2,Likely D,False,8.21,5.3
TX-23,Tony Gonzales,R,R+7,-7.0,False,,4.2,6.6,-8.38,R,5.6,94.4,Likely R,False,-8.46,5.33
CA-42,Robert Garcia,D,D+8,8.0,False,,1.7,6.6,8.38,D,94.6,5.4,Likely D,False,8.76,5.45
FL-02,Neal Dunn,R,R+8,-8.0,False,,2.3,6.6,-8.44,R,5.7,94.3,Likely R,False,-8.22,5.17
WI-06,Glenn Grothman,R,R+8,-8.0,False,,2.5,6.6,-8.54,R,7.5,92.5,Likely R,False,-8.31,5.62
CA-21,Jim Costa,D,D+10,10.0,False,,5.4,6.6,8.55,D,94.0,6.0,Likely D,False,8.63,5.48
CA-23,Jay Obernolte,R,R+9,-9.0,False,,0.5,6.6,-8.55,R,6.0,94.0,Likely R,False,-8.54,5.54
NC-13,Brad Knott,R,R+11,-11.0,False,,-3.5,6.6,-8.56,R,5.2,94.8,Likely R,False,-8.6,5.47
OH-10,Mike Turner,R,R+5,-5.0,False,,8.7,6.6,-8.63,R,4.4,95.6,Likely R,False,-8.95,5.16
MO-05,Emanuel Cleaver,D,R+9,-9.0,False,,0.7,6.6,-8.65,R,5.0,95.0,Likely R,True,-8.53,5.21
WA-10,Marilyn Strickland,D,D+9,9.0,False,,3.1,6.6,8.69,D,93.5,6.5,Likely D,False,8.83,5.61
WA-05,Michael Baumgartner,R,R+5,-5.0,False,,8.9,6.6,-8.73,R,5.7,94.3,Likely R,False,-8.84,5.31
NC-14,Tim Moore,R,R+11,-11.0,False,,-3.0,6.6,-8.82,R,4.7,95.3,Likely R,False,-8.88,5.27
NC-10,Pat Harrigan,R,R+10,-10.0,False,,-0.9,6.6,-8.86,R,4.4,95.6,Likely R,False,-8.93,5.51
NC-08,Mark Harris,R,R+11,-11.0,False,,-2.7,6.6,-8.97,R,4.9,95.1,Likely R,False,-8.84,5.34
CA-26,Julia Brownley,D,D+10,10.0,False,,4.5,6.6,9.01,D,94.6,5.4,Likely D,False,8.86,5.39
MI-01,Jack Bergman,R,R+11,-11.0,False,,-2.6,6.6,-9.02,R,4.5,95.5,Likely R,False,-8.93,5.25
KS-02,Derek Schmidt,R,R+10,-10.0,False,,-0.4,6.6,-9.12,R,4.6,95.4,Likely R,False,-8.92,5.29
TX-32,Julie Johnson,D,R+9,-9.0,False,,1.7,6.6,-9.16,R,3.8,96.2,Likely R,True,-9.32,5.43
CA-51,Sara Jacobs,D,D+10,10.0,False,,4.2,6.6,9.16,D,95.4,4.6,Likely D,False,9.27,5.5
CA-04,Mike Thompson,D,D+9,9.0,False,,2.1,6.6,9.21,D,96.2,3.8,Likely D,False,9.03,5.2
MA-01,Richard Neal,D,D+8,8.0,False,,0.0,6.6,9.25,D,95.8,4.2,Likely D,False,9.07,5.34
MN-06,Tom Emmer,R,R+10,-10.0,False,,-0.1,6.6,-9.27,R,5.1,94.9,Likely R,False,-9.25,5.33
DE-AL,Sarah McBride,D,D+8,8.0,False,,-0.1,6.6,9.3,D,96.0,4.0,Likely D,False,9.12,5.36
CT-03,Rosa DeLauro,D,D+8,8.0,False,,-0.1,6.6,9.3,D,96.6,3.4,Likely D,False,9.41,5.12
WA-06,Emily Randall,D,D+10,10.0,False,,3.9,6.6,9.31,D,95.7,4.3,Likely D,False,9.16,5.28
NJ-01,Donald Norcross,D,D+10,10.0,False,,3.9,6.6,9.31,D,96.3,3.7,Likely D,False,9.23,5.33
NY-21,Elise Stefanik,R,R+10,-10.0,True,Retiring,0.0,6.6,-9.32,R,4.1,95.9,Likely R,False,-9.16,5.4
AZ-05,Andy Biggs,R,R+10,-10.0,True,Running for Governor,0.0,6.6,-9.32,R,5.1,94.9,Likely R,False,-9.18,5.57
TX-38,Wesley Hunt,R,R+10,-10.0,True,Running for Senate,0.0,6.6,-9.32,R,4.1,95.9,Likely R,False,-9.52,5.27
CA-05,Tom McClintock,R,R+9,-9.0,False,,2.0,6.6,-9.32,R,3.8,96.2,Likely R,False,-9.37,5.44
WA-04,Dan Newhouse,R,R+10,-10.0,True,Retiring,0.0,6.6,-9.32,R,4.3,95.7,Likely R,False,-9.02,5.37
TN-07,Mark Green,R,R+10,-10.0,True,Resigned,0.0,6.6,-9.32,R,5.0,95.0,Likely R,False,-9.31,5.31
PA-04,Madeleine Dean,D,D+8,8.0,False,,-0.3,6.6,9.41,D,95.6,4.4,Likely D,False,9.61,5.47
FL-05,John Rutherford,R,R+10,-10.0,False,,0.6,6.6,-9.63,R,3.7,96.3,Likely R,False,-9.76,5.4
PA-11,Lloyd Smucker,R,R+11,-11.0,False,,-1.1,6.6,-9.79,R,3.1,96.9,Likely R,False,-9.93,5.35
CA-27,George Whitesides,D,D+8,8.0,False,,-1.3,6.6,9.92,D,95.8,4.2,Likely D,False,9.8,5.44
OK-01,Kevin Hern,R,R+11,-11.0,False,,-0.5,6.6,-10.1,R,3.5,96.5,Likely R,False,-10.12,5.42
TX-05,Lance Gooden,R,R+12,-12.0,False,,-2.3,6.6,-10.21,R,3.7,96.3,Likely R,False,-10.34,5.46
CA-45,Derek Tran,D,D+7,7.0,False,,-3.9,6.6,10.22,D,97.6,2.4,Likely D,False,10.47,5.38
CA-25,Raul Ruiz,D,D+7,7.0,False,,-4.0,6.6,10.27,D,97.2,2.8,Likely D,False,10.39,5.21
MI-11,Haley Stevens,D,D+9,9.0,True,Running for Senate,0.0,6.6,10.28,D,97.8,2.2,Likely D,False,10.19,5.28
IL-16,Darin LaHood,R,R+11,-11.0,False,,0.0,6.6,-10.36,R,2.3,97.7,Likely R,False,-10.22,5.23
SC-05,Ralph Norman,R,R+11,-11.0,True,Running for Governor,0.0,6.6,-10.36,R,3.3,96.7,Likely R,False,-10.34,5.37
GA-10,Mike Collins,R,R+11,-11.0,True,Running for Senate,0.0,6.6,-10.36,R,2.5,97.5,Likely R,False,-10.39,5.2
WI-07,Tom Tiffany,R,R+11,-11.0,True,Running for Governor,0.0,6.6,-10.36,R,3.1,96.9,Likely R,False,-10.38,5.49
NC-06,Addison McDowell,R,R+11,-11.0,False,,0.0,6.6,-10.36,R,3.3,96.7,Likely R,False,-10.56,5.48
TX-21,Chip Roy,R,R+11,-11.0,True,Running for AG,0.0,6.6,-10.36,R,2.3,97.7,Likely R,False,-10.19,5.28
FL-08,Mike Haridopolos,R,R+11,-11.0,False,,0.2,6.6,-10.46,R,1.6,98.4,Likely R,False,-10.68,5.19
TX-36,Brian Babin,R,R+12,-12.0,False,,-1.8,6.6,-10.46,R,2.6,97.4,Likely R,False,-10.25,5.25
CA-07,Doris Matsui,D,D+9,9.0,False,,-0.5,6.6,10.54,D,97.7,2.3,Likely D,False,10.63,5.27
UT-01,Blake Moore,R,D+12,12.0,False,,5.4,6.6,10.61,D,97.4,2.6,Likely D,True,10.46,5.32
FL-17,Greg Steube,R,R+11,-11.0,False,,0.5,6.6,-10.61,R,3.1,96.9,Likely R,False,-10.72,5.57
NY-11,Nicole Malliotakis,R,R+10,-10.0,False,,2.6,6.6,-10.66,R,2.9,97.1,Likely R,False,-10.52,5.5
FL-28,Carlos A. Giménez,R,R+10,-10.0,False,,2.7,6.6,-10.71,R,2.1,97.9,Likely R,False,-10.81,5.29
PA-16,Mike Kelly,R,R+11,-11.0,False,,0.7,6.6,-10.72,R,2.7,97.3,Likely R,False,-10.68,5.37
WI-05,Scott Fitzgerald,R,R+11,-11.0,False,,1.0,6.6,-10.87,R,1.7,98.3,Likely R,False,-10.76,5.36
TX-31,John Carter,R,R+11,-11.0,False,,1.2,6.6,-10.97,R,2.1,97.9,Likely R,False,-10.66,5.3
GA-07,Rich McCormick,R,R+11,-11.0,False,,1.4,6.6,-11.07,R,2.0,98.0,Likely R,False,-11.15,5.33
MN-03,Kelly Morrison,D,D+11,11.0,False,,2.4,6.6,11.12,D,97.8,2.2,Likely D,False,10.99,5.44
MO-03,Bob Onder,R,R+13,-13.0,False,,-2.4,6.6,-11.19,R,2.2,97.8,Likely R,False,-11.27,5.44
TX-26,Brandon Gill,R,R+11,-11.0,False,,1.8,6.6,-11.28,R,1.5,98.5,Likely R,False,-11.38,5.36
CA-02,Jared Huffman,D,D+12,12.0,False,,4.0,6.6,11.33,D,98.1,1.9,Likely D,False,11.36,5.39
IL-10,Brad Schneider,D,D+12,12.0,False,,4.0,6.6,11.33,D,98.0,2.0,Likely D,False,11.17,5.32
CO-06,Jason Crow,D,D+11,11.0,False,,1.9,6.6,11.37,D,98.4,1.6,Likely D,False,11.51,5.15
TX-10,Michael McCaul,R,R+12,-12.0,True,Retiring,0.0,6.6,-11.39,R,1.9,98.1,Likely R,False,-11.3,5.45
TX-12,Craig Goldman,R,R+11,-11.0,False,,2.2,6.6,-11.48,R,1.4,98.6,Likely R,False,-11.33,5.34
NY-06,Grace Meng,D,D+6,6.0,False,,-8.4,6.6,11.5,D,98.6,1.4,Likely D,False,11.37,5.31
OH-14,David Joyce,R,R+10,-10.0,False,,4.3,6.6,-11.53,R,1.1,98.9,Likely R,False,-11.29,5.14
NY-20,Paul Tonko,D,D+8,8.0,False,,-4.6,6.6,11.61,D,98.6,1.4,Likely D,False,11.82,5.16
IN-02,Rudy Yakym,R,R+13,-13.0,False,,-1.2,6.6,-11.8,R,0.8,99.2,Safe R,False,-11.67,5.17
VA-06,Ben Cline,R,R+12,-12.0,False,,1.1,6.6,-11.95,R,1.1,98.9,Likely R,False,-12.15,5.4
MD-02,Johnny Olszewski,D,D+10,10.0,False,,-1.4,6.6,12.03,D,98.8,1.2,Likely D,False,12.1,5.4
KS-04,Ron Estes,R,R+12,-12.0,False,,1.3,6.6,-12.06,R,1.2,98.8,Likely R,False,-11.99,5.39
NY-25,Joseph Morelle,D,D+10,10.0,False,,-1.5,6.6,12.09,D,98.7,1.3,Likely D,False,12.12,5.27
TX-07,Lizzie Fletcher,D,D+12,12.0,False,,2.5,6.6,12.1,D,99.1,0.9,Safe D,False,12.08,5.19
SC-07,Russell Fry,R,R+12,-12.0,False,,1.4,6.6,-12.11,R,1.4,98.6,Likely R,False,-11.96,5.45
OH-05,Bob Latta,R,R+12,-12.0,False,,1.5,6.6,-12.16,R,1.6,98.4,Likely R,False,-12.1,5.38
KY-03,Morgan McGarvey,D,D+10,10.0,False,,-1.7,6.6,12.19,D,98.9,1.1,Likely D,False,12.12,5.4
GA-14,Marjorie Taylor Greene,R,R+19,-19.0,False,,-12.5,6.6,-12.2,R,0.8,99.2,Safe R,False,-12.51,5.45
MA-04,Jake Auchincloss,D,D+11,11.0,False,,0.0,6.6,12.35,D,99.3,0.7,Safe D,False,12.47,5.24
MA-06,Seth Moulton,D,D+11,11.0,True,Running for Senate,0.0,6.6,12.35,D,98.8,1.2,Likely D,False,12.65,5.59
MA-03,Lori Trahan,D,D+11,11.0,False,,0.0,6.6,12.35,D,98.7,1.3,Likely D,False,12.35,5.52
ME-01,Chellie Pingree,D,D+11,11.0,False,,0.0,6.6,12.35,D,98.9,1.1,Likely D,False,12.2,5.35
TX-06,Jake Ellzey,R,R+14,-14.0,False,,-2.1,6.6,-12.38,R,0.6,99.4,Safe R,False,-12.74,5.1
AZ-09,Paul Gosar,R,R+15,-15.0,False,,-4.0,6.6,-12.43,R,0.8,99.2,Safe R,False,-12.74,5.49
CT-04,Jim Himes,D,D+13,13.0,False,,3.4,6.6,12.67,D,98.6,1.4,Likely D,False,12.48,5.53
TX-04,Pat Fallon,R,R+13,-13.0,False,,0.5,6.6,-12.68,R,1.4,98.6,Likely R,False,-12.28,5.35
MD-03,Sarah Elfreth,D,D+12,12.0,False,,1.3,6.6,12.71,D,99.6,0.4,Safe D,False,12.77,4.95
CA-31,Gil Cisneros,D,D+12,12.0,False,,1.3,6.6,12.71,D,99.0,1.0,Safe D,False,12.93,5.69
NY-23,Nick Langworthy,R,R+10,-10.0,False,,6.7,6.6,-12.76,R,0.6,99.4,Safe R,False,-12.71,5.29
MS-02,Bennie Thompson,D,D+11,11.0,False,,-1.0,6.6,12.86,D,99.1,0.9,Safe D,False,12.57,5.29
SC-06,Jim Clyburn,D,D+13,13.0,False,,3.0,6.6,12.87,D,98.9,1.1,Likely D,False,12.79,5.29
CA-24,Salud Carbajal,D,D+13,13.0,False,,3.0,6.6,12.87,D,99.4,0.6,Safe D,False,12.99,5.31
MO-04,Mark Alford,R,R+13,-13.0,False,,0.9,6.6,-12.88,R,0.9,99.1,Safe R,False,-12.72,5.42
NY-24,Claudia Tenney,R,R+11,-11.0,False,,5.0,6.6,-12.92,R,1.1,98.9,Likely R,False,-12.49,5.23
FL-18,Scott Franklin,R,R+14,-14.0,False,,-1.0,6.6,-12.94,R,0.7,99.3,Safe R,False,-12.68,5.21
CA-13,Adam Gray,D,D+9,9.0,False,,-5.2,6.6,12.95,D,99.4,0.6,Safe D,False,13.0,5.43
CA-39,Mark Takano,D,D+13,13.0,False,,2.8,6.6,12.98,D,99.3,0.7,Safe D,False,12.9,5.36
TX-27,Michael Cloud,R,R+14,-14.0,False,,-0.8,6.6,-13.04,R,0.6,99.4,Safe R,False,-13.27,5.27
ID-02,Mike Simpson,R,R+13,-13.0,False,,1.2,6.6,-13.04,R,0.3,99.7,Safe R,False,-13.1,5.25
FL-10,Maxwell Frost,D,D+13,13.0,False,,2.5,6.6,13.13,D,98.9,1.1,Likely D,False,12.83,5.44
FL-01,Matt Gaetz,R,R+18,-18.0,False,,-8.5,6.6,-13.22,R,0.5,99.5,Safe R,False,-13.22,5.31
NJ-08,Rob Menendez,D,D+15,15.0,False,,6.3,6.6,13.24,D,99.4,0.6,Safe D,False,13.39,5.32
CA-09,Josh Harder,D,D+12,12.0,False,,0.1,6.6,13.33,D,99.1,0.9,Safe D,False,13.4,5.47
CA-35,Norma Torres,D,D+12,12.0,False,,0.0,6.6,13.38,D,99.4,0.6,Safe D,False,13.16,5.1
TX-20,Joaquin Castro,D,D+12,12.0,False,,0.0,6.6,13.38,D,99.2,0.8,Safe D,False,13.56,5.36
FL-19,Byron Donalds,R,R+14,-14.0,True,Running for Governor,0.0,6.6,-13.45,R,0.7,99.3,Safe R,False,-13.31,5.2
FL-06,Michael Waltz,R,R+14,-14.0,True,Resigned - NSA,0.0,6.6,-13.45,R,0.8,99.2,Safe R,False,-13.29,5.36
MS-03,Michael Guest,R,R+14,-14.0,False,,0.0,6.6,-13.45,R,1.2,98.8,Likely R,False,-13.37,5.33
TX-17,Pete Sessions,R,R+14,-14.0,False,,0.7,6.6,-13.81,R,0.1,99.9,Safe R,False,-13.95,5.36
AR-03,Steve Womack,R,R+13,-13.0,False,,2.9,6.6,-13.91,R,0.4,99.6,Safe R,False,-13.82,5.2
WA-01,Suzan DelBene,D,D+15,15.0,False,,4.9,6.6,13.96,D,99.7,0.3,Safe D,False,13.75,5.13
TX-03,Keith Self,R,R+14,-14.0,False,,1.0,6.6,-13.97,R,0.5,99.5,Safe R,False,-14.16,5.35
IN-09,Erin Houchin,R,R+15,-15.0,False,,-0.9,6.6,-14.02,R,0.4,99.6,Safe R,False,-13.91,5.47
CA-38,Linda Sánchez,D,D+14,14.0,False,,2.4,6.6,14.21,D,99.3,0.7,Safe D,False,14.39,5.32
AL-07,Terri Sewell,D,D+13,13.0,False,,0.2,6.6,14.31,D,99.5,0.5,Safe D,False,14.11,5.31
GA-03,Brian Jack,R,R+15,-15.0,False,,-0.3,6.6,-14.33,R,0.1,99.9,Safe R,False,-14.31,5.29
AZ-07,Raúl Grijalva,D,D+13,13.0,True,Deceased,0.0,6.6,14.41,D,99.9,0.1,Safe D,False,14.24,5.22
MA-02,Jim McGovern,D,D+13,13.0,False,,0.0,6.6,14.41,D,99.6,0.4,Safe D,False,14.48,5.22
MI-06,Debbie Dingell,D,D+12,12.0,False,,-2.0,6.6,14.41,D,99.7,0.3,Safe D,False,14.5,5.52
NJ-12,Bonnie Watson Coleman,D,D+13,13.0,True,Retiring,0.0,6.6,14.41,D,99.7,0.3,Safe D,False,14.53,5.36
MI-05,Tim Walberg,R,R+13,-13.0,False,,3.9,6.6,-14.42,R,0.2,99.8,Safe R,False,-14.2,5.3
GA-11,Barry Loudermilk,R,R+12,-12.0,False,,6.0,6.6,-14.47,R,0.1,99.9,Safe R,False,-14.4,5.2
CA-20,Vince Fong,R,R+15,-15.0,False,,0.0,6.6,-14.48,R,0.4,99.6,Safe R,False,-14.08,5.45
MT-02,Troy Downing,R,R+15,-15.0,False,,0.0,6.6,-14.48,R,0.6,99.4,Safe R,False,-14.62,5.28
SD-AL,Dusty Johnson,R,R+15,-15.0,True,Running for Governor,0.0,6.6,-14.48,R,0.7,99.3,Safe R,False,-13.96,5.44
IA-04,Randy Feenstra,R,R+15,-15.0,True,Running for Governor,0.0,6.6,-14.48,R,0.3,99.7,Safe R,False,-14.55,5.17
AL-05,Dale Strong,R,R+15,-15.0,False,,0.0,6.6,-14.48,R,0.7,99.3,Safe R,False,-14.4,5.38
PA-14,Guy Reschenthaler,R,R+17,-17.0,False,,-4.0,6.6,-14.5,R,0.3,99.7,Safe R,False,-14.48,5.34
WA-02,Rick Larsen,D,D+12,12.0,False,,-2.2,6.6,14.51,D,99.7,0.3,Safe D,False,14.6,5.46
OR-02,Cliff Bentz,R,R+14,-14.0,False,,2.1,6.6,-14.53,R,0.5,99.5,Safe R,False,-14.2,5.47
LA-06,Cleo Fields,D,D+8,8.0,False,,-10.5,6.6,14.64,D,99.7,0.3,Safe D,False,14.77,5.35
CT-01,John B. Larson,D,D+12,12.0,False,,-2.5,6.6,14.66,D,99.9,0.1,Safe D,False,14.58,5.17
OH-06,Michael Rulli,R,R+16,-16.0,False,,-1.5,6.6,-14.75,R,0.3,99.7,Safe R,False,-15.12,5.63
TX-02,Dan Crenshaw,R,R+15,-15.0,False,,0.7,6.6,-14.84,R,0.4,99.6,Safe R,False,-14.93,5.21
IN-06,Jefferson Shreve,R,R+16,-16.0,False,,-1.3,6.6,-14.85,R,0.2,99.8,Safe R,False,-14.95,5.17
NJ-04,Chris Smith,R,R+14,-14.0,False,,2.9,6.6,-14.94,R,0.3,99.7,Safe R,False,-14.97,5.42
CA-33,Pete Aguilar,D,D+13,13.0,False,,-1.1,6.6,14.98,D,99.7,0.3,Safe D,False,14.95,5.34
GA-08,Austin Scott,R,R+15,-15.0,False,,1.3,6.6,-15.15,R,0.5,99.5,Safe R,False,-15.32,5.56
IN-04,Jim Baird,R,R+15,-15.0,False,,1.8,6.6,-15.41,R,0.1,99.9,Safe R,False,-15.36,5.48
MI-02,John Moolenaar,R,R+15,-15.0,False,,1.8,6.6,-15.41,R,0.5,99.5,Safe R,False,-15.49,5.51
TX-08,Morgan Luttrell,R,R+16,-16.0,True,Retiring,0.0,6.6,-15.52,R,0.3,99.7,Safe R,False,-15.45,5.21
NY-26,Tim Kennedy,D,D+11,11.0,False,,-6.7,6.6,15.78,D,99.9,0.1,Safe D,False,15.77,5.31
CA-28,Judy Chu,D,D+15,15.0,False,,0.6,6.6,16.17,D,100.0,0.0,Safe D,False,16.37,5.19
NC-02,Deborah Ross,D,D+15,15.0,False,,0.5,6.6,16.22,D,99.9,0.1,Safe D,False,15.96,5.2
TX-14,Randy Weber,R,R+17,-17.0,False,,-0.5,6.6,-16.29,R,0.2,99.8,Safe R,False,-16.25,5.45
GA-09,Andrew Clyde,R,R+17,-17.0,False,,-0.5,6.6,-16.29,R,0.1,99.9,Safe R,False,-16.33,5.44
MO-06,Sam Graves,R,R+16,-16.0,False,,1.8,6.6,-16.44,R,0.2,99.8,Safe R,False,-16.38,5.44
TN-06,John Rose,R,R+17,-17.0,True,Running for Governor,0.0,6.6,-16.55,R,0.0,100.0,Safe R,False,-16.35,5.44
RI-01,Gabe Amo,D,D+12,12.0,False,,-6.3,6.6,16.61,D,99.8,0.2,Safe D,False,16.54,5.31
PA-05,Mary Gay Scanlon,D,D+15,15.0,False,,-0.5,6.6,16.73,D,100.0,0.0,Safe D,False,16.6,5.42
OK-04,Tom Cole,R,R+17,-17.0,False,,0.4,6.6,-16.75,R,0.0,100.0,Safe R,False,-17.1,5.28
KS-01,Tracey Mann,R,R+16,-16.0,False,,2.9,6.6,-17.0,R,0.0,100.0,Safe R,False,-17.24,5.45
OH-12,Troy Balderson,R,R+17,-17.0,False,,0.9,6.6,-17.01,R,0.1,99.9,Safe R,False,-16.96,5.31
CA-32,Brad Sherman,D,D+17,17.0,False,,2.8,6.6,17.1,D,99.9,0.1,Safe D,False,17.15,5.31
TN-03,Chuck Fleischmann,R,R+18,-18.0,False,,-0.6,6.6,-17.27,R,0.0,100.0,Safe R,False,-17.37,5.34
MI-09,Lisa McClain,R,R+16,-16.0,False,,3.5,6.6,-17.31,R,0.2,99.8,Safe R,False,-17.2,5.43
IN-03,Marlin Stutzman,R,R+16,-16.0,False,,3.5,6.6,-17.31,R,0.0,100.0,Safe R,False,-17.45,5.39
TN-02,Tim Burchett,R,R+17,-17.0,False,,1.5,6.6,-17.32,R,0.2,99.8,Safe R,False,-17.31,5.29
AL-06,Gary Palmer,R,R+20,-20.0,False,,-4.5,6.6,-17.34,R,0.0,100.0,Safe R,False,-17.15,5.07
FL-26,Mario Díaz-Balart,R,R+16,-16.0,False,,3.6,6.6,-17.36,R,0.1,99.9,Safe R,False,-17.35,5.37
TX-16,Veronica Escobar,D,D+18,18.0,False,,4.0,6.6,17.52,D,100.0,0.0,Safe D,False,17.74,5.32
MS-01,Trent Kelly,R,R+18,-18.0,False,,-0.1,6.6,-17.53,R,0.0,100.0,Safe R,False,-17.39,5.69
KY-04,Thomas Massie,R,R+18,-18.0,False,,0.0,6.6,-17.58,R,0.2,99.8,Safe R,False,-17.8,5.43
TX-25,Roger Williams,R,R+18,-18.0,False,,0.0,6.6,-17.58,R,0.0,100.0,Safe R,False,-17.59,5.16
IL-01,Jonathan Jackson,D,D+18,18.0,False,,3.8,6.6,17.62,D,99.9,0.1,Safe D,False,17.26,5.48
CA-41,Ken Calvert,R,D+13,13.0,False,,-6.4,6.6,17.69,D,100.0,0.0,Safe D,True,17.6,5.49
CA-10,Mark DeSaulnier,D,D+18,18.0,False,,3.3,6.6,17.88,D,100.0,0.0,Safe D,False,17.87,5.29
MD-05,Steny Hoyer,D,D+17,17.0,False,,1.2,6.6,17.92,D,100.0,0.0,Safe D,False,18.05,5.32
MN-04,Betty McCollum,D,D+18,18.0,False,,3.0,6.6,18.03,D,100.0,0.0,Safe D,False,17.95,5.23
VA-04,Jennifer McClellan,D,D+17,17.0,False,,0.9,6.6,18.08,D,100.0,0.0,Safe D,False,18.21,5.56
ND-AL,Julie Fedorchak,R,R+18,-18.0,False,,1.2,6.6,-18.2,R,0.3,99.7,Safe R,False,-18.11,5.53
MN-07,Michelle Fischbach,R,R+18,-18.0,False,,1.3,6.6,-18.25,R,0.0,100.0,Safe R,False,-17.89,5.39
UT-02,Celeste Maloy,R,R+19,-19.0,False,,-0.4,6.6,-18.41,R,0.0,100.0,Safe R,False,-18.28,5.26
IL-03,Delia Ramirez,D,D+17,17.0,False,,0.2,6.6,18.44,D,100.0,0.0,Safe D,False,18.59,5.5
PA-09,Dan Meuser,R,R+19,-19.0,False,,-0.2,6.6,-18.51,R,0.0,100.0,Safe R,False,-18.31,5.23
IL-04,Chuy García,D,D+17,17.0,True,Retiring,0.0,6.6,18.54,D,100.0,0.0,Safe D,False,18.42,5.24
VT-AL,Becca Balint,D,D+17,17.0,False,,-0.3,6.6,18.69,D,100.0,0.0,Safe D,False,18.66,5.37
CA-46,Lou Correa,D,D+15,15.0,False,,-4.6,6.6,18.84,D,100.0,0.0,Safe D,False,18.52,5.18
FL-12,Gus Bilirakis,R,R+17,-17.0,False,,4.6,6.6,-18.91,R,0.0,100.0,Safe R,False,-19.04,5.48
PA-15,Glenn Thompson,R,R+19,-19.0,False,,1.4,6.6,-19.33,R,0.0,100.0,Safe R,False,-19.32,5.32
IL-02,Robin Kelly,D,D+18,18.0,True,Running for Senate,0.0,6.6,19.57,D,100.0,0.0,Safe D,False,19.75,5.45
VA-11,Gerry Connolly,D,D+18,18.0,True,Deceased,0.0,6.6,19.57,D,100.0,0.0,Safe D,False,19.52,5.56
IN-08,Mark Messmer,R,R+18,-18.0,False,,4.0,6.6,-19.63,R,0.0,100.0,Safe R,False,-19.46,5.23
IL-15,Mary Miller,R,R+20,-20.0,False,,0.0,6.6,-19.64,R,0.0,100.0,Safe R,False,-19.27,5.37
OH-04,Jim Jordan,R,R+22,-22.0,False,,-3.9,6.6,-19.71,R,0.0,100.0,Safe R,False,-19.72,5.45
NY-14,Alexandria Ocasio-Cortez,D,D+19,19.0,False,,1.5,6.6,19.83,D,99.9,0.1,Safe D,False,19.92,5.34
FL-24,Frederica Wilson,D,D+18,18.0,False,,-0.5,6.6,19.83,D,100.0,0.0,Safe D,False,20.07,5.21
HI-02,Jill Tokuda,D,D+12,12.0,False,,-13.0,6.6,20.05,D,100.0,0.0,Safe D,False,20.34,5.09
WV-01,Carol Miller,R,R+22,-22.0,False,,-3.2,6.6,-20.07,R,0.1,99.9,Safe R,False,-20.07,5.33
CA-18,Zoe Lofgren,D,D+22,22.0,False,,6.9,6.6,20.16,D,100.0,0.0,Safe D,False,20.36,5.2
TN-04,Scott DesJarlais,R,R+21,-21.0,False,,-1.0,6.6,-20.16,R,0.0,100.0,Safe R,False,-20.52,5.11
CA-36,Ted Lieu,D,D+21,21.0,False,,4.5,6.6,20.36,D,100.0,0.0,Safe D,False,20.35,5.4
AR-04,Bruce Westerman,R,R+20,-20.0,False,,1.7,6.6,-20.52,R,0.0,100.0,Safe R,False,-20.51,5.43
LA-05,Julia Letlow,R,R+18,-18.0,False,,5.8,6.6,-20.56,R,0.0,100.0,Safe R,False,-20.36,5.18
IL-09,Jan Schakowsky,D,D+19,19.0,True,Retiring,0.0,6.6,20.6,D,100.0,0.0,Safe D,False,20.62,5.2
TX-33,Marc Veasey,D,D+19,19.0,True,Retiring,0.0,6.6,20.6,D,100.0,0.0,Safe D,False,20.77,5.32
KY-02,Brett Guthrie,R,R+20,-20.0,False,,2.1,6.6,-20.72,R,0.0,100.0,Safe R,False,-20.75,5.17
WV-02,Riley Moore,R,R+20,-20.0,False,,2.2,6.6,-20.77,R,0.0,100.0,Safe R,False,-20.93,5.31
OH-03,Joyce Beatty,D,D+20,20.0,False,,1.6,6.6,20.81,D,100.0,0.0,Safe D,False,20.73,5.41
CO-02,Joe Neguse,D,D+20,20.0,False,,1.4,6.6,20.92,D,100.0,0.0,Safe D,False,20.55,5.26
IL-05,Mike Quigley,D,D+19,19.0,False,,-0.7,6.6,20.96,D,100.0,0.0,Safe D,False,20.92,5.33
CA-19,Jimmy Panetta,D,D+19,19.0,False,,-0.7,6.6,20.96,D,100.0,0.0,Safe D,False,21.04,5.34
VA-09,Morgan Griffith,R,R+22,-22.0,False,,-1.4,6.6,-20.99,R,0.0,100.0,Safe R,False,-20.82,5.3
LA-01,Steve Scalise,R,R+19,-19.0,False,,4.8,6.6,-21.07,R,0.0,100.0,Safe R,False,-21.21,5.43
OH-02,David Taylor,R,R+21,-21.0,False,,0.8,6.6,-21.09,R,0.0,100.0,Safe R,False,-21.03,5.04
VA-03,Bobby Scott,D,D+18,18.0,False,,-3.2,6.6,21.21,D,100.0,0.0,Safe D,False,21.09,5.35
ID-01,Russ Fulcher,R,R+22,-22.0,False,,-0.5,6.6,-21.45,R,0.0,100.0,Safe R,False,-21.29,5.06
IN-07,André Carson,D,D+21,21.0,False,,2.3,6.6,21.49,D,100.0,0.0,Safe D,False,21.45,5.5
TN-08,David Kustoff,R,R+21,-21.0,False,,1.8,6.6,-21.6,R,0.0,100.0,Safe R,False,-21.45,5.25
TX-11,August Pfluger,R,R+22,-22.0,False,,0.0,6.6,-21.71,R,0.0,100.0,Safe R,False,-21.75,5.28
IL-12,Mike Bost,R,R+22,-22.0,False,,0.1,6.6,-21.76,R,0.0,100.0,Safe R,False,-21.77,5.55
MS-04,Mike Ezell,R,R+21,-21.0,False,,2.2,6.6,-21.8,R,0.0,100.0,Safe R,False,-21.64,5.36
LA-03,Clay Higgins,R,R+22,-22.0,False,,0.2,6.6,-21.81,R,0.1,99.9,Safe R,False,-21.71,5.26
MA-08,Stephen Lynch,D,D+15,15.0,False,,-11.0,6.6,22.12,D,100.0,0.0,Safe D,False,22.1,5.19
UT-04,Burgess Owens,R,R+21,-21.0,False,,2.9,6.6,-22.16,R,0.0,100.0,Safe R,False,-22.07,5.36
WI-02,Mark Pocan,D,D+21,21.0,False,,0.8,6.6,22.26,D,100.0,0.0,Safe D,False,22.43,5.42
CA-08,John Garamendi,D,D+21,21.0,False,,0.5,6.6,22.41,D,100.0,0.0,Safe D,False,22.32,5.29
LA-02,Troy Carter,D,D+17,17.0,False,,-7.7,6.6,22.49,D,100.0,0.0,Safe D,False,22.1,5.28
CA-52,Juan Vargas,D,D+18,18.0,False,,-5.8,6.6,22.55,D,100.0,0.0,Safe D,False,22.42,5.31
PA-02,Brendan Boyle,D,D+19,19.0,False,,-3.9,6.6,22.6,D,100.0,0.0,Safe D,False,22.71,5.49
CA-17,Ro Khanna,D,D+25,25.0,False,,8.1,6.6,22.64,D,100.0,0.0,Safe D,False,22.73,5.35
AL-03,Mike Rogers,R,R+23,-23.0,False,,0.0,6.6,-22.74,R,0.0,100.0,Safe R,False,-22.64,5.43
OK-03,Frank Lucas,R,R+23,-23.0,False,,0.0,6.6,-22.74,R,0.0,100.0,Safe R,False,-22.97,5.16
WY-AL,Harriet Hageman,R,R+23,-23.0,True,Running for Senate,0.0,6.6,-22.74,R,0.0,100.0,Safe R,False,-22.72,5.36
PA-13,John Joyce,R,R+23,-23.0,False,,0.1,6.6,-22.79,R,0.0,100.0,Safe R,False,-22.94,5.42
KY-01,James Comer,R,R+23,-23.0,False,,0.2,6.6,-22.84,R,0.0,100.0,Safe R,False,-22.9,5.3
OR-01,Suzanne Bonamici,D,D+20,20.0,False,,-2.5,6.6,22.92,D,100.0,0.0,Safe D,False,22.78,5.27
GA-13,David Scott,D,D+21,21.0,False,,-0.6,6.6,22.98,D,100.0,0.0,Safe D,False,23.3,5.28
SC-03,Sheri Biggs,R,R+21,-21.0,False,,4.7,6.6,-23.09,R,0.0,100.0,Safe R,False,-22.85,5.53
CA-30,Laura Friedman,D,D+23,23.0,False,,3.2,6.6,23.09,D,100.0,0.0,Safe D,False,22.8,5.37
NY-05,Gregory Meeks,D,D+24,24.0,False,,5.1,6.6,23.15,D,100.0,0.0,Safe D,False,23.28,5.54
HI-01,Ed Case,D,D+13,13.0,False,,-17.1,6.6,23.18,D,100.0,0.0,Safe D,False,22.86,5.4
NC-04,Valerie Foushee,D,D+21,21.0,False,,-1.2,6.6,23.28,D,100.0,0.0,Safe D,False,23.17,5.35
NY-16,George Latimer,D,D+18,18.0,False,,-7.6,6.6,23.47,D,100.0,0.0,Safe D,False,23.26,5.22
MI-12,Rashida Tlaib,D,D+21,21.0,False,,-1.7,6.6,23.54,D,100.0,0.0,Safe D,False,23.87,5.46
FL-20,Sheila Cherfilus-McCormick,D,D+22,22.0,False,,0.0,6.6,23.7,D,100.0,0.0,Safe D,False,23.97,5.41
WA-09,Adam Smith,D,D+22,22.0,False,,0.0,6.6,23.7,D,100.0,0.0,Safe D,False,23.76,5.35
TX-13,Ronny Jackson,R,R+24,-24.0,False,,0.0,6.6,-23.77,R,0.0,100.0,Safe R,False,-23.16,5.29
MO-07,Eric Burlison,R,R+24,-24.0,False,,0.2,6.6,-23.87,R,0.0,100.0,Safe R,False,-23.98,5.2
MI-13,Shri Thanedar,D,D+22,22.0,False,,-0.4,6.6,23.9,D,100.0,0.0,Safe D,False,23.98,5.42
AR-01,Rick Crawford,R,R+23,-23.0,False,,2.8,6.6,-24.18,R,0.0,100.0,Safe R,False,-24.1,5.33
NC-12,Alma Adams,D,D+23,23.0,False,,0.3,6.6,24.58,D,100.0,0.0,Safe D,False,24.56,5.42
CA-14,Eric Swalwell,D,D+23,23.0,True,Running for Governor,0.0,6.6,24.73,D,100.0,0.0,Safe D,False,24.55,5.32
TX-01,Nathaniel Moran,R,R+25,-25.0,False,,0.0,6.6,-24.8,R,0.0,100.0,Safe R,False,-24.73,5.55
TX-19,Jodey Arrington,R,R+25,-25.0,True,Retiring,0.0,6.6,-24.8,R,0.0,100.0,Safe R,False,-24.99,5.33
TX-29,Sylvia Garcia,D,D+21,21.0,False,,-4.7,6.6,25.08,D,100.0,0.0,Safe D,False,24.98,5.33
AZ-03,Yassamin Ansari,D,D+22,22.0,False,,-2.9,6.6,25.19,D,100.0,0.0,Safe D,False,25.02,5.36
TN-09,Steve Cohen,D,D+23,23.0,False,,-1.1,6.6,25.3,D,100.0,0.0,Safe D,False,25.31,5.3
OK-02,Josh Brecheen,R,R+28,-28.0,False,,-4.9,6.6,-25.39,R,0.0,100.0,Safe R,False,-25.32,5.11
GA-06,Lucy McBath,D,D+25,25.0,False,,2.4,6.6,25.56,D,100.0,0.0,Safe D,False,25.32,5.26
MA-05,Katherine Clark,D,D+24,24.0,False,,0.0,6.6,25.76,D,100.0,0.0,Safe D,False,25.81,5.27
OR-03,Maxine Dexter,D,D+24,24.0,False,,0.0,6.6,25.76,D,100.0,0.0,Safe D,False,25.74,5.37
NY-09,Yvette Clarke,D,D+22,22.0,False,,-4.1,6.6,25.8,D,100.0,0.0,Safe D,False,26.13,5.43
LA-04,Mike Johnson,R,R+26,-26.0,False,,0.0,6.6,-25.84,R,0.0,100.0,Safe R,False,-25.57,5.35
VA-08,Don Beyer,D,D+26,26.0,False,,3.8,6.6,25.88,D,100.0,0.0,Safe D,False,26.14,5.22
MO-08,Jason Smith,R,R+27,-27.0,False,,-1.5,6.6,-26.1,R,0.0,100.0,Safe R,False,-25.77,5.35
NY-08,Hakeem Jeffries,D,D+24,24.0,False,,-0.8,6.6,26.17,D,100.0,0.0,Safe D,False,26.25,5.42
TX-30,Jasmine Crockett,D,D+25,25.0,True,Running for Senate,0.0,6.6,26.8,D,100.0,0.0,Safe D,False,26.69,5.27
NY-07,Nydia Velázquez,D,D+25,25.0,True,Retiring,0.0,6.6,26.8,D,100.0,0.0,Safe D,False,26.53,5.34
GA-04,Hank Johnson,D,D+27,27.0,False,,4.0,6.6,26.81,D,100.0,0.0,Safe D,False,26.64,5.24
AL-01,Barry Moore,R,R+27,-27.0,True,Running for Senate,0.0,6.6,-26.87,R,0.0,100.0,Safe R,False,-27.04,5.36
MN-05,Ilhan Omar,D,D+32,32.0,False,,13.1,6.6,27.3,D,100.0,0.0,Safe D,False,27.49,5.29
TX-37,Lloyd Doggett,D,D+26,26.0,True,Retiring,0.0,6.6,27.83,D,100.0,0.0,Safe D,False,27.99,5.54
CA-15,Kevin Mullin,D,D+29,29.0,False,,6.0,6.6,27.85,D,100.0,0.0,Safe D,False,27.74,5.33
NJ-10,LaMonica McIver,D,D+27,27.0,False,,1.7,6.6,27.99,D,100.0,0.0,Safe D,False,27.73,5.05
NE-03,Adrian Smith,R,R+27,-27.0,False,,2.6,6.6,-28.2,R,0.0,100.0,Safe R,False,-27.94,5.38
NY-15,Ritchie Torres,D,D+27,27.0,False,,1.2,6.6,28.24,D,100.0,0.0,Safe D,False,27.84,5.33
WI-04,Gwen Moore,D,D+26,26.0,False,,-1.0,6.6,28.34,D,100.0,0.0,Safe D,False,28.47,5.54
TN-01,Diana Harshbarger,R,R+29,-29.0,False,,-0.5,6.6,-28.68,R,0.0,100.0,Safe R,False,-28.26,5.45
CA-16,Sam Liccardo,D,D+27,27.0,False,,0.0,6.6,28.86,D,100.0,0.0,Safe D,False,28.87,5.17
CO-01,Diana DeGette,D,D+29,29.0,False,,2.9,6.6,29.44,D,100.0,0.0,Safe D,False,29.59,5.38
CA-29,Luz Rivas,D,D+27,27.0,False,,-1.6,6.6,29.68,D,100.0,0.0,Safe D,False,29.66,5.38
UT-03,Mike Kennedy,R,R+25,-25.0,False,,10.5,6.6,-30.19,R,0.0,100.0,Safe R,False,-30.34,5.25
MD-08,Jamie Raskin,D,D+30,30.0,False,,3.0,6.6,30.42,D,100.0,0.0,Safe D,False,30.51,5.42
MO-01,Wesley Bell,D,D+27,27.0,False,,-4.1,6.6,30.96,D,100.0,0.0,Safe D,False,31.09,5.37
KY-05,Hal Rogers,R,R+32,-32.0,False,,0.0,6.6,-32.03,R,0.0,100.0,Safe R,False,-31.98,5.49
CA-44,Nanette Barragan,D,D+29,29.0,False,,-3.2,6.6,32.57,D,100.0,0.0,Safe D,False,32.68,5.3
TX-18,Sylvester Turner,D,D+31,31.0,True,Deceased,0.0,6.6,32.99,D,100.0,0.0,Safe D,False,33.05,5.39
OH-11,Shontel Brown,D,D+29,29.0,False,,-4.1,6.6,33.03,D,100.0,0.0,Safe D,False,33.11,5.07
AL-04,Robert Aderholt,R,R+33,-33.0,False,,0.0,6.6,-33.06,R,0.0,100.0,Safe R,False,-33.28,5.49
CA-43,Maxine Waters,D,D+34,34.0,False,,4.7,6.6,33.67,D,100.0,0.0,Safe D,False,33.61,5.41
MD-07,Kweisi Mfume,D,D+31,31.0,False,,-2.8,6.6,34.42,D,100.0,0.0,Safe D,False,34.22,5.15
NY-13,Adriano Espaillat,D,D+32,32.0,False,,-1.4,6.6,34.74,D,100.0,0.0,Safe D,False,34.53,5.3
NY-12,Jerry Nadler,D,D+33,33.0,True,Retiring,0.0,6.6,35.05,D,100.0,0.0,Safe D,False,35.25,5.41
NY-10,Dan Goldman,D,D+32,32.0,False,,-4.0,6.6,36.07,D,100.0,0.0,Safe D,False,36.03,5.46
CA-34,Jimmy Gomez,D,D+34,34.0,False,,0.0,6.6,36.08,D,100.0,0.0,Safe D,False,36.01,5.58
IL-07,Danny Davis,D,D+34,34.0,True,Retiring,0.0,6.6,36.08,D,100.0,0.0,Safe D,False,36.12,5.17
MA-07,Ayanna Pressley,D,D+34,34.0,False,,0.0,6.6,36.08,D,100.0,0.0,Safe D,False,36.26,5.28
WA-07,Pramila Jayapal,D,D+39,39.0,False,,9.1,6.6,36.58,D,100.0,0.0,Safe D,False,36.75,5.54
GA-05,Nikema Williams,D,D+36,36.0,False,,1.1,6.6,37.58,D,100.0,0.0,Safe D,False,37.33,5.7
CA-11,Nancy Pelosi,D,D+36,36.0,True,Retiring,0.0,6.6,38.15,D,100.0,0.0,Safe D,False,38.07,5.37
CA-37,Sydney Kamlager-Dove,D,D+38,38.0,False,,0.0,6.6,40.21,D,100.0,0.0,Safe D,False,40.18,5.33
MD-04,Glenn Ivey,D,D+39,39.0,False,,0.8,6.6,40.83,D,100.0,0.0,Safe D,False,41.08,5.26
CA-12,Lateefah Simon,D,D+39,39.0,False,,0.0,6.6,41.24,D,100.0,0.0,Safe D,False,41.21,5.55
PA-03,Dwight Evans,D,D+40,40.0,True,Retiring,0.0,6.6,42.28,D,100.0,0.0,Safe D,False,42.31,5.31
